{"tl_step": 3.456052303314209, "ta_step": 0.125, "epoch": 9, "trainer/global_step": 3909, "_timestamp": 1710240424.8599622, "_runtime": 864.5289041996002, "_step": 887, "vl_step": 3.5172715187072754, "va_step": 0.1875, "vl_epoch": 3.450080156326294, "va_epoch": 0.17810000479221344, "tl_epoch": 3.355933427810669, "ta_epoch": 0.1921200007200241, "_wandb": {"runtime": 863}}