{"tl_step": 3.1964921951293945, "ta_step": 0.1953125, "epoch": 9, "trainer/global_step": 3909, "_timestamp": 1710239128.741825, "_runtime": 500.801842212677, "_step": 887, "vl_step": 3.2148804664611816, "va_step": 0.125, "vl_epoch": 3.21966552734375, "va_epoch": 0.2093999981880188, "tl_epoch": 3.2133233547210693, "ta_epoch": 0.20900000631809235, "_wandb": {"runtime": 499}}