{"tl_step": 4.174534797668457, "ta_step": 0.0703125, "epoch": 1, "trainer/global_step": 499, "_timestamp": 1710252892.915404, "_runtime": 338.0191421508789, "_step": 90, "vl_step": 4.2135467529296875, "va_step": 0.0, "vl_epoch": 4.206539630889893, "va_epoch": 0.05920000001788139, "tl_epoch": 4.40816068649292, "ta_epoch": 0.04035999998450279}